用户名,密码
test1,123456
test2,123456
test3,123456
test4,123456
test5,123456
test6,123456
test7,123456
test8,123456
test9,123456
test10,123456
test11,123456
test12,123456
test13,123456
test14,123456
test15,123456
test16,123456
test17,123456
test18,123456
test19,123456
test20,123456
test21,123456
test22,123456
test23,123456
test24,123456
test25,123456
test26,123456
test27,123456
test28,123456
test29,123456
test30,123456
test31,123456
test32,123456
test33,123456
test34,123456
test35,123456
test36,123456
test37,123456
test38,123456
test39,123456
test40,123456
test41,123456
test42,123456
test43,123456
test44,123456
test45,123456
test46,123456
test47,123456
test48,123456
test49,123456
test50,123456
test51,123456
test52,123456
test53,123456
test54,123456
test55,123456
test56,123456
test57,123456
test58,123456
test59,123456
test60,123456
test61,123456
test62,123456
test63,123456
test64,123456
test65,123456
test66,123456
test67,123456
test68,123456
test69,123456
test70,123456
test71,123456
test72,123456
test73,123456
test74,123456
test75,123456
test76,123456
test77,123456
test78,123456
test79,123456
test80,123456
test81,123456
test82,123456
test83,123456
test84,123456
test85,123456
test86,123456
test87,123456
test88,123456
test89,123456
test90,123456
test91,123456
test92,123456
test93,123456
test94,123456
test95,123456
test96,123456
test97,123456
test98,123456
test99,123456
test100,123456
